"RegionName","CBSA Title","SizeRankMetro","PctPriceCut","DaysOnMarket","BuyerSellerIndex"
"New York, NY","New York-Newark-Jersey City, NY-NJ-PA",1,16.1591729249976,116,9.58563535911602
"Los Angeles-Long Beach-Anaheim, CA","Los Angeles-Long Beach-Anaheim, CA",2,19.1280920891501,57,4.18508287292818
"Chicago, IL","Chicago-Naperville-Elgin, IL-IN-WI",3,23.9401725087172,79,9.48895027624309
"Dallas-Fort Worth, TX","Dallas-Fort Worth-Arlington, TX",4,22.107791837123,52,5
"Philadelphia, PA","Philadelphia-Camden-Wilmington, PA-NJ-DE-MD",5,19.0090444357059,83,9.15055248618784
"Houston, TX","Houston-The Woodlands-Sugar Land, TX",6,20.4394283997769,68,7.66574585635359
"Washington, DC","Washington-Arlington-Alexandria, DC-VA-MD-WV",7,19.9843754694871,62,5.73204419889503
"Miami-Fort Lauderdale, FL","Miami-Fort Lauderdale-West Palm Beach, FL",8,14.421749497992,99,8.02486187845304
"Atlanta, GA","Atlanta-Sandy Springs-Roswell, GA",9,16.6627446785752,59,2.5207182320442
"Boston, MA","Boston-Cambridge-Newton, MA-NH",10,21.0822275933508,65,7.32044198895028
"San Francisco, CA","San Francisco-Oakland-Hayward, CA",11,14.2785821268098,41,0.400552486187845
"Detroit, MI","Detroit-Warren-Dearborn, MI",12,21.8540330997465,61,6.49171270718232
"Riverside, CA","Riverside-San Bernardino-Ontario, CA",13,18.8943774516926,68,6.9475138121547
"Phoenix, AZ","Phoenix-Mesa-Scottsdale, AZ",14,19.3124217305743,57,4.26795580110497
"Seattle, WA","Seattle-Tacoma-Bellevue, WA",15,21.9966395967516,42,4.51657458563536
"Minneapolis-St Paul, MN","Minneapolis-St. Paul-Bloomington, MN-WI",16,21.1267605633803,60,5.90469613259669
"San Diego, CA","San Diego-Carlsbad, CA",17,24.8034866526578,52,5.80110497237569
"St. Louis, MO","St. Louis, MO-IL",18,18.514169006893,64,5.35911602209945
"Tampa, FL","Tampa-St. Petersburg-Clearwater, FL",19,22.2716638377907,74,8.95027624309392
"Baltimore, MD","Baltimore-Columbia-Towson, MD",20,21.8456783309416,79,9.35082872928177
"Denver, CO","Denver-Aurora-Lakewood, CO",21,21.7164559832209,47,4.50276243093923
"Pittsburgh, PA","Pittsburgh, PA",22,18.8374370453274,78,8.54972375690608
"Portland, OR","Portland-Vancouver-Hillsboro, OR-WA",23,22.7649826646855,51,5.09668508287293
"Charlotte, NC","Charlotte-Concord-Gastonia, NC-SC",24,16.9419656983735,57,2.65193370165746
"Sacramento, CA","Sacramento--Roseville--Arden-Arcade, CA",25,22.4488117753474,49,4.9171270718232
"San Antonio, TX","San Antonio-New Braunfels, TX",26,19.6687793907176,63,5.96685082872928
"Orlando, FL","Orlando-Kissimmee-Sanford, FL",27,21.4351005484461,73,8.60497237569061
"Cincinnati, OH","Cincinnati, OH-KY-IN",28,19.0237999193223,62,4.88950276243094
"Cleveland, OH","Cleveland-Elyria, OH",29,17.8674351585014,67,5.71823204419889
"Kansas City, MO","Kansas City, MO-KS",30,15.9247045891728,54,1.46408839779006
"Las Vegas, NV","Las Vegas-Henderson-Paradise, NV",31,23.1229283758467,53,5.41436464088398
"Columbus, OH","Columbus, OH",32,21.0303388494878,54,4.64088397790055
"Indianapolis, IN","Indianapolis-Carmel-Anderson, IN",33,19.830842502874,57,4.46132596685083
"San Jose, CA","San Jose-Sunnyvale-Santa Clara, CA",34,16.2060889929742,39,1.3121546961326
"Austin, TX","Austin-Round Rock, TX",35,22.458857696031,56,5.81491712707182
"Virginia Beach, VA","Virginia Beach-Norfolk-Newport News, VA-NC",36,16.5410861529713,76,6.76795580110497
"Nashville, TN","Nashville-Davidson--Murfreesboro--Franklin, TN",37,19.4779411764706,58,4.4060773480663
"Providence, RI","Providence-Warwick, RI-MA",38,19.5145842403135,74,8.25966850828729
"Milwaukee, WI","Milwaukee-Waukesha-West Allis, WI",39,17.6388306056791,65,4.55801104972376
"Jacksonville, FL","Jacksonville, FL",40,18.4310511808091,74,7.91436464088398
"Memphis, TN","Memphis, TN-MS-AR",41,15.585495675316,62,1.93370165745856
"Oklahoma City, OK","Oklahoma City, OK",42,21.727115716753,70,8.24585635359116
"Louisville-Jefferson County, KY","Louisville/Jefferson County, KY-IN",43,19.9654029119216,61,5.33149171270718
"Hartford, CT","Hartford-West Hartford-East Hartford, CT",44,23.2133933033483,80,9.55801104972376
"Richmond, VA","Richmond, VA",45,18.8584540369999,63,5.24861878453039
"New Orleans, LA","New Orleans-Metairie, LA",46,17.9778472024993,79,8.37016574585635
"Buffalo, NY","Buffalo-Cheektowaga-Niagara Falls, NY",47,17.5354503694827,83,8.53591160220994
"Raleigh, NC","Raleigh, NC",48,15.7982120051086,55,1.45027624309392
"Birmingham, AL","Birmingham-Hoover, AL",49,16.082554517134,68,3.7292817679558
"Salt Lake City, UT","Salt Lake City, UT",50,24.2820792439113,43,5.06906077348066
"Rochester, NY","Rochester, NY",51,16.2084765177549,72,4.97237569060773
"Grand Rapids, MI","Grand Rapids-Wyoming, MI",52,21.036889332004,53,4.57182320441989
"Tucson, AZ","Tucson, AZ",53,16.3006177076184,65,3.35635359116022
"Urban Honolulu, HI","Urban Honolulu, HI",54,14.7780126849894,70,2.99723756906077
"Tulsa, OK","Tulsa, OK",55,18.6552217453505,78,8.46685082872928
"Fresno, CA","Fresno, CA",56,19.1115985741706,56,4.06077348066298
"Worcester, MA","Worcester, MA-CT",57,23.181083265966,71,8.50828729281768
"Stamford, CT","Bridgeport-Stamford-Norwalk, CT",58,20.2435312024353,92,9.72375690607735
"Albuquerque, NM","Albuquerque, NM",59,20.8395553343289,69,7.87292817679558
"Albany, NY","Albany-Schenectady-Troy, NY",60,16.9436247864575,87,8.78453038674033
"Omaha, NE","Omaha-Council Bluffs, NE-IA",61,20.9583736689255,55,4.69613259668508
"New Haven, CT","New Haven-Milford, CT",62,19.7350993377483,88,9.61325966850829
"Bakersfield, CA","Bakersfield, CA",63,18.50084222347,72,7.69337016574586
"Knoxville, TN","Knoxville, TN",64,15.3600729261623,67,2.81767955801105
"Greenville, SC","Greenville-Anderson-Mauldin, SC",65,15.9417652411283,63,2.55524861878453
"Ventura, CA","Oxnard-Thousand Oaks-Ventura, CA",66,21.1267605633803,60,5.90469613259669
"Allentown, PA","Allentown-Bethlehem-Easton, PA-NJ",67,20.0345754898194,76,8.7292817679558
"El Paso, TX","El Paso, TX",68,14.1176470588235,94,7.61049723756906
"Baton Rouge, LA","Baton Rouge, LA",69,20.225578283311,76,8.75690607734807
"Dayton, OH","Dayton, OH",70,18.7472814267073,62,4.66850828729282
"McAllen, TX","McAllen-Edinburg-Mission, TX",71,11.6923076923077,112,6.62983425414365
"Columbia, SC","Columbia, SC",72,14.402390438247,77,3.97790055248619
"Greensboro, NC","Greensboro-High Point, NC",73,11.6526362428002,63,0.290055248618785
"Akron, OH","Akron, OH",74,17.2606568832984,64,4.10220994475138
"North Port-Sarasota-Bradenton, FL","North Port-Sarasota-Bradenton, FL",75,16.4153005464481,99,9.24033149171271
"Little Rock, AR","Little Rock-North Little Rock-Conway, AR",76,18.2660098522167,76,8.0939226519337
"Stockton, CA","Stockton-Lodi, CA",77,21.4079422382671,54,4.90331491712707
"Charleston, SC","Charleston-North Charleston, SC",78,17.5398954949866,74,7.4378453038674
"Syracuse, NY","Syracuse, NY",79,16.8536394469084,90,9.03314917127072
"Colorado Springs, CO","Colorado Springs, CO",80,20.7503473830477,47,4.11602209944751
"Winston-Salem, NC","Winston-Salem, NC",81,13.4620401774067,63,0.911602209944751
"Wichita, KS","Wichita, KS",82,16.8243049584408,60,2.80386740331492
"Springfield, MA","Springfield, MA",83,24.5741210583545,75,9.18508287292818
"Fort Myers, FL","Cape Coral-Fort Myers, FL",84,14.2844260077554,109,8.39779005524862
"Boise City, ID","Boise City, ID",85,20.842056292161,47,4.17127071823204
"Toledo, OH","Toledo, OH",86,16.8439206668583,68,4.54419889502762
"Madison, WI","Madison, WI",87,16.896361631753,63,3.52209944751381
"Lakeland, FL","Lakeland-Winter Haven, FL",88,17.1476671476671,78,7.83149171270718
"Ogden, UT","Ogden-Clearfield, UT",89,24.5875121319961,44,5.17955801104972
"Daytona Beach, FL","Deltona-Daytona Beach-Ormond Beach, FL",90,17.9362583964556,85,9.11602209944751
"Des Moines, IA","Des Moines-West Des Moines, IA",91,14.664494149015,67,2.22375690607735
"Jackson, MS","Jackson, MS",92,16.4769133459836,74,6.24309392265193
"Youngstown, OH","Youngstown-Warren-Boardman, OH-PA",93,16.8136390358613,77,7.38950276243094
"Augusta, GA","Augusta-Richmond County, GA-SC",94,12.1260855580573,79,2.47237569060773
"Scranton, PA","Scranton--Wilkes-Barre--Hazleton, PA",95,16.8723010487353,110,9.65469613259669
"Harrisburg, PA","Harrisburg-Carlisle, PA",96,16.8032786885246,72,6.00828729281768
"Melbourne, FL","Palm Bay-Melbourne-Titusville, FL",97,19.0501986276634,73,7.98342541436464
"Chattanooga, TN","Chattanooga, TN-GA",98,17.0409882088714,63,3.60497237569061
"Spokane, WA","Spokane-Spokane Valley, WA",99,17.6846196557468,51,2.67955801104972
"Provo, UT","Provo-Orem, UT",100,21.4697406340058,47,4.43370165745856
"Lancaster, PA","Lancaster, PA",101,15.8604651162791,69,3.66022099447514
"Modesto, CA","Modesto, CA",102,21.4872460008647,54,4.98618784530387
"Portland, ME","Portland-South Portland, ME",103,19.577824170726,68,7.33425414364641
"Durham, NC","Durham-Chapel Hill, NC",104,13.0316434161279,56,0.345303867403315
"Santa Rosa, CA","Santa Rosa, CA",105,24.4350282485876,47,5.20718232044199
"Lexington, KY","Lexington-Fayette, KY",106,17.6748303334317,59,3.41160220994475
"Lafayette, LA","Lafayette, LA",107,18.4730538922156,90,9.53038674033149
"Lansing, MI","Lansing-East Lansing, MI",108,18.3774834437086,65,5.6353591160221
"Fayetteville, AR","Fayetteville-Springdale-Rogers, AR-MO",109,17.5981284117494,66,4.76519337016575
"Pensacola, FL","Pensacola-Ferry Pass-Brent, FL",110,19.6629213483146,72,8.01104972375691
"Visalia, CA","Visalia-Porterville, CA",111,20.6753962784287,64,6.80939226519337
"Shreveport, LA","Shreveport-Bossier City, LA",112,18.3527641970666,102,9.75138121546961
"Springfield, MO","Springfield, MO",113,16.5447383230163,57,2.26519337016575
"York, PA","York-Hanover, PA",114,17.6925912274235,75,7.70718232044199
"Corpus Christi, TX","Corpus Christi, TX",115,14.3620011242271,91,7.37569060773481
"Flint, MI","Flint, MI",116,23.6533009315512,66,7.90055248618784
"Reno, NV","Reno, NV",117,22.7938883691924,54,5.51104972375691
"Asheville, NC","Asheville, NC",118,17.4663200189081,72,6.79558011049724
"Port St. Lucie, FL","Port St. Lucie, FL",119,16.1629153269025,91,8.61878453038674
"Santa Maria-Santa Barbara, CA","Santa Maria-Santa Barbara, CA",120,17.7987421383648,67,5.44198895027624
"Huntsville, AL","Huntsville, AL",121,15.2234206471495,72,3.75690607734807
"Fort Wayne, IN","Fort Wayne, IN",122,21.4436248682824,54,4.94475138121547
"Salinas, CA","Salinas, CA",123,16.9219547775346,64,3.8121546961326
"Vallejo, CA","Vallejo-Fairfield, CA",124,21.3981762917933,48,4.41988950276243
"Mobile, AL","Mobile, AL",125,16.4242942686056,87,8.38397790055249
"Reading, PA","Reading, PA",126,16.0626398210291,78,6.69889502762431
"Brownsville, TX","Brownsville-Harlingen, TX",127,10.4941176470588,111,5.16574585635359
"Killeen, TX","Killeen-Temple, TX",128,13.7863315003928,70,2.05801104972376
"Canton, OH","Canton-Massillon, OH",129,18.5948477751756,62,4.61325966850829
"Beaumont, TX","Beaumont-Port Arthur, TX",130,14.4177449168207,66,1.71270718232044
"Manchester, NH","Manchester-Nashua, NH",131,17.6619007569386,61,3.57734806629834
"Salem, OR","Salem, OR",132,15.9574468085106,54,1.50552486187845
"Anchorage, AK","Anchorage, AK",133,19.046328908155,78,8.6878453038674
"Davenport, IL","Davenport-Moline-Rock Island, IA-IL",134,15.7244655581948,73,4.47513812154696
"Peoria, IL","Peoria, IL",135,23.4870317002882,96,9.98618784530387
"Myrtle Beach, SC","Myrtle Beach-Conway-North Myrtle Beach, SC-NC",136,8.54303920509774,91,2.4585635359116
"Montgomery, AL","Montgomery, AL",137,13.4475218658892,87,5.70441988950276
"Salisbury, MD","Salisbury, MD-DE",138,14.5950704225352,109,8.70165745856354
"Gulfport, MS","Gulfport-Biloxi-Pascagoula, MS",139,13.4814814814815,89,6.32596685082873
"Tallahassee, FL","Tallahassee, FL",140,15.5583972719523,70,3.61878453038674
"Trenton, NJ","Trenton, NJ",141,18.5245237130118,98,9.70994475138122
"Fayetteville, NC","Fayetteville, NC",142,10.3599374021909,98,3.85359116022099
"Hickory, NC","Hickory-Lenoir-Morganton, NC",143,12.7548353371668,67,0.939226519337017
"Huntington, WV","Huntington-Ashland, WV-KY-OH",144,16.5221825599184,101,9.33701657458564
"Eugene, OR","Eugene, OR",145,18.3,55,3.50828729281768
"Rockford, IL","Rockford, IL",146,18.1022570244127,68,6.35359116022099
"Savannah, GA","Savannah, GA",147,15.6772334293948,81,7.11325966850829
"Ann Arbor, MI","Ann Arbor, MI",148,16.4587332053743,56,2.04419889502762
"Ocala, FL","Ocala, FL",149,13.5480288728484,88,6.17403314917127
"Kalamazoo, MI","Kalamazoo-Portage, MI",150,20,67,7.29281767955801
"Naples, FL","Naples-Immokalee-Marco Island, FL",151,11.2402588825783,124,6.78176795580111
"South Bend, IN","South Bend-Mishawaka, IN-MI",152,18.0697050938338,61,4.03314917127072
"Spartanburg, SC","Spartanburg, SC",153,12.8712871287129,70,1.42265193370166
"Evansville, IN","Evansville, IN-KY",154,20.9827357237716,63,6.67127071823204
"Kingsport, TN","Kingsport-Bristol-Bristol, TN-VA",155,14.7417840375587,88,7.55524861878453
"Roanoke, VA","Roanoke, VA",156,17.8786475220009,77,8.03867403314917
"Green Bay, WI","Green Bay, WI",157,15.6037991858887,63,2.27900552486188
"Lincoln, NE","Lincoln, NE",158,19.1698113207547,54,3.89502762430939
"Fort Collins, CO","Fort Collins, CO",159,17.3578452330056,53,2.5828729281768
"Utica, NY","Utica-Rome, NY",160,14.5710928319624,108.5,8.59116022099447
"Columbus, GA","Columbus, GA-AL",161,13.3802816901408,88,5.88397790055249
"Boulder, CO","Boulder, CO",162,19.4627192982456,50,3.67403314917127
"Lubbock, TX","Lubbock, TX",163,17.0179948586118,69,5.15193370165746
"Erie, PA","Erie, PA",164,21.9975490196078,93,9.9171270718232
"Fort Smith, AR","Fort Smith, AR-OK",165,12.7780651836524,88,4.70994475138122
"Duluth, MN","Duluth, MN-WI",166,18.2055294731351,73,7.72099447513812
"Atlantic City, NJ","Atlantic City-Hammonton, NJ",167,14.0255009107468,120,8.67403314917127
"New London, CT","Norwich-New London, CT",168,18.5562444641275,87.5,9.43370165745856
"San Luis Obispo, CA","San Luis Obispo-Paso Robles-Arroyo Grande, CA",169,19.115890083632,69,7.34806629834254
"Gainesville, FL","Gainesville, FL",170,13.7824474660074,70,2.00276243093923
"Santa Cruz, CA","Santa Cruz-Watsonville, CA",171,22.2337125129266,48,4.73756906077348
"Clarksville, TN","Clarksville, TN-KY",172,11.5497690046199,63,0.262430939226519
"Cedar Rapids, IA","Cedar Rapids, IA",173,19.4306930693069,64,6.2292817679558
"Merced, CA","Merced, CA",174,16.7914438502674,71,5.45580110497238
"Wilmington, NC","Wilmington, NC",175,7.40354535974974,75,0.511049723756906
"Kennewick, WA","Kennewick-Richland, WA",176,15.7631954350927,52,1.21546961325967
"Greeley, CO","Greeley, CO",177,15.3160453808752,49,0.925414364640884
"Waco, TX","Waco, TX",178,14.7941381716678,62,1.47790055248619
"Lynchburg, VA","Lynchburg, VA",179,13.6993076162216,71,2.25138121546961
"Olympia, WA","Olympia-Tumwater, WA",180,18.5824895771292,48,3.31491712707182
"Amarillo, TX","Amarillo, TX",181,21.6023738872404,76,9.10220994475138
"Binghamton, NY","Binghamton, NY",182,17.5141242937853,108,9.69613259668508
"Hagerstown, WV","Hagerstown-Martinsburg, MD-WV",183,16.6425470332851,80,7.79005524861878
"Bremerton, WA","Bremerton-Silverdale, WA",184,18.1483752299203,49,3.02486187845304
"Laredo, TX","Laredo, TX",185,12.5904486251809,94,5.69060773480663
"Yakima, WA","Yakima, WA",186,11.6136919315403,63,0.276243093922652
"Crestview-Fort Walton Beach-Destin, FL","Crestview-Fort Walton Beach-Destin, FL",187,17.9264047737444,84,9.01933701657459
"Topeka, KS","Topeka, KS",188,20.812685827552,58.5,5.23480662983425
"Macon-Bibb County, GA","Macon-Bibb County, GA",189,13.0877742946708,74,2.34806629834254
"Champaign-Urbana, IL","Champaign-Urbana, IL",190,17.2478206724782,87,9.00552486187845
"Tuscaloosa, AL","Tuscaloosa, AL",191,11.9685039370079,71,1.03591160220994
"College Station, TX","College Station-Bryan, TX",192,13.1875414181577,71,1.83701657458564
"Sioux Falls, SD","Sioux Falls, SD",193,16.6563082660037,60,2.63812154696133
"Charleston, WV","Charleston, WV",194,19.0784737221022,105,9.90331491712707
"Appleton, WI","Appleton, WI",195,11.0354223433243,57,0.069060773480663
"Chico, CA","Chico, CA",196,21.3644524236984,59,5.77348066298343
"Charlottesville, VA","Charlottesville, VA",197,13.5759960649287,78,3.54972375690608
"Claremont, NH","Claremont-Lebanon, NH-VT",198,13.5931558935361,105,7.95580110497238
"Barnstable Town, MA","Barnstable Town, MA",199,18.6650774731824,84,9.21270718232044
"Longview, TX","Longview, TX",200,16.8406402226862,104,9.57182320441989
"Burlington, VT","Burlington-South Burlington, VT",201,16.3911845730028,78,7.20994475138122
"Prescott, AZ","Prescott, AZ",202,17.8541136556404,72,7.27900552486188
"Springfield, IL","Springfield, IL",203,24.7198879551821,74,9.12983425414365
"Tyler, TX","Tyler, TX",204,16.9527896995708,73,6.61602209944751
"Las Cruces, NM","Las Cruces, NM",205,12.2779922779923,81,2.92817679558011
"Fargo, ND","Fargo, ND-MN",206,24.6604717655468,79,9.51657458563536
"Houma, LA","Houma-Thibodaux, LA",207,13.4117647058824,102,7.73480662983425
"Rochester, MN","Rochester, MN",208,17.1384850803367,67,4.59944751381216
"Florence, SC","Florence, SC",209,14.3939393939394,86.5,6.53314917127072
"Medford, OR","Medford, OR",210,22.4778761061947,67,7.94198895027624
"Lafayette-West Lafayette, IN","Lafayette-West Lafayette, IN",211,17.9911699779249,56,3.45303867403315
"Bellingham, WA","Bellingham, WA",212,14.0905823148814,52,0.497237569060773
"Lake Havasu City, AZ","Lake Havasu City-Kingman, AZ",213,12.6623376623377,79,2.95580110497238
"Saginaw, MI","Saginaw, MI",214,17.1620325982742,59,3.0524861878453
"Lake Charles, LA","Lake Charles, LA",215,14.7857142857143,77,4.48895027624309
"Johnson City, TN","Johnson City, TN",216,16.0636758321274,76,6.14640883977901
"Elkhart, IN","Elkhart-Goshen, IN",217,21.7391304347826,61,6.46408839779006
"Yuma, AZ","Yuma, AZ",218,12.8361858190709,103,7.23756906077348
"Racine, WI","Racine, WI",219,15.5155155155155,57,1.35359116022099
"Athens, GA","Athens-Clarke County, GA",220,11.8158123370982,67,0.580110497237569
"Torrington, CT","Torrington, CT",221,20.1651455888744,97,9.84806629834254
"St. Cloud, MN","St. Cloud, MN",222,21.5428033866416,70,8.20441988950276
"Hilton Head Island, SC","Hilton Head Island-Bluffton-Beaufort, SC",223,12.7396569122099,104,7.22375690607735
"Bloomington, IL","Bloomington, IL",224,26.5291607396871,88,9.86187845303867
"Hilo, HI","Hilo, HI",225,12.3287671232877,96,5.56629834254144
"Panama City, FL","Panama City, FL",226,15.2818991097923,85,7.4585635359116
"Kingston, NY","Kingston, NY",227,16.5728580362727,135.5,9.73756906077348
"Daphne, AL","Daphne-Fairhope-Foley, AL",228,14.7265836491608,85,6.83701657458564
"Gainesville, GA","Gainesville, GA",229,15.9090909090909,74,5.0414364640884
"Warner Robins, GA","Warner Robins, GA",230,10.0570613409415,68,0.31767955801105
"Blacksburg, VA","Blacksburg-Christiansburg-Radford, VA",231,12.1621621621622,70,1.02209944751381
"Jacksonville, NC","Jacksonville, NC",232,7.77777777777778,75,0.552486187845304
"Redding, CA","Redding, CA",233,18.2692307692308,73,7.74861878453039
"Monroe, LA","Monroe, LA",234,18.5546875,81,8.93646408839779
"Joplin, MO","Joplin, MO",235,12.3652048885694,74.5,1.75414364640884
"El Centro, CA","El Centro, CA",236,17.9166666666667,81,8.57734806629834
"Terre Haute, IN","Terre Haute, IN",237,17.0483460559796,69.5,5.38674033149171
"Muskegon, MI","Muskegon, MI",238,18.9054726368159,65,6.1878453038674
"East Stroudsburg, PA","East Stroudsburg, PA",239,15.4398563734291,92,8.23204419889503
"Sioux City, IA","Sioux City, IA-NE-SD",240,13.1479140328698,62,0.676795580110497
"Greenville, NC","Greenville, NC",241,8.58050847457627,75,0.635359116022099
"Waterloo, IA","Waterloo-Cedar Falls, IA",242,21.1752786220871,75,8.86740331491713
"Oshkosh, WI","Oshkosh-Neenah, WI",243,12.2727272727273,54,0.151933701657459
"Yuba City, CA","Yuba City, CA",244,22.4163027656477,55,5.58011049723757
"Abilene, TX","Abilene, TX",245,12.8875968992248,68,1.13259668508287
"Columbia, MO","Columbia, MO",246,20.0354609929078,70,7.85911602209945
"Dover, DE","Dover, DE",247,15.0753768844221,87,7.63812154696133
"Eau Claire, WI","Eau Claire, WI",248,16.9387755102041,58,2.73480662983425
"Janesville, WI","Janesville-Beloit, WI",249,14.3628509719222,62,1.04972375690608
"Jackson, MI","Jackson, MI",250,18.7134502923977,64,5.64917127071823
"Punta Gorda, FL","Punta Gorda, FL",251,15.0234741784038,118,9.17127071823204
"Bloomington, IN","Bloomington, IN",252,16.2939297124601,64,3.14917127071823
"Pueblo, CO","Pueblo, CO",253,20.1447527141134,58,4.85497237569061
"Billings, MT","Billings, MT",254,16.688654353562,71,5.40055248618784
"Bowling Green, KY","Bowling Green, KY",255,14.5816072908036,71,2.98342541436464
"Bend, OR","Bend-Redmond, OR",256,18.2624768946396,70,7.03038674033149
"Albany, GA","Albany, GA",257,15.9178433889602,88,8.16298342541436
"Vineland, NJ","Vineland-Bridgeton, NJ",258,15.2356902356902,121,9.29558011049724
"Niles, MI","Niles-Benton Harbor, MI",259,17.8217821782178,71,6.85082872928177
"Kahului, HI","Kahului-Wailuku-Lahaina, HI",260,8.16901408450704,112,4.15745856353591
"Ottawa, IL","Ottawa-Peru, IL",261,17.1794871794872,88,9.07458563535912
"State College, PA","State College, PA",262,14.5021645021645,65,1.64364640883978
"Bangor, ME","Bangor, ME",263,16.1290322580645,80,7.4171270718232
"Alexandria, LA","Alexandria, LA",264,17.6788124156545,85,8.99171270718232
"Decatur, AL","Decatur, AL",265,14.5578231292517,86,6.74033149171271
"Hanford, CA","Hanford-Corcoran, CA",266,19.5965417867435,68,7.36187845303867
"Iowa City, IA","Iowa City, IA",267,12.8389154704944,77.5,2.79005524861878
"Rocky Mount, NC","Rocky Mount, NC",268,12.051649928264,94,4.72375690607735
"Monroe, MI","Monroe, MI",269,15.2899824253076,70,3.37016574585635
"Wichita Falls, TX","Wichita Falls, TX",270,15.1866151866152,61,1.49171270718232
"Burlington, NC","Burlington, NC",271,9.33997509339975,66,0.165745856353591
"Madera, CA","Madera, CA",272,16.3591635916359,76,6.47790055248619
"Jefferson City, MO","Jefferson City, MO",273,15.3179190751445,71,3.56353591160221
"Chambersburg, PA","Chambersburg-Waynesboro, PA",274,15.928369462771,89,8.30110497237569
"Texarkana, TX","Texarkana, TX-AR",275,11.6030534351145,86,3.28038674033149
"Elizabethtown, KY","Elizabethtown-Fort Knox, KY",276,17.7297297297297,72,7.18232044198895
"Pottsville, PA","Pottsville, PA",277,17.0918367346939,98,9.47513812154696
"Wheeling, OH","Wheeling, WV-OH",278,14.4927536231884,84,6.09116022099448
"Florence, AL","Florence-Muscle Shoals, AL",279,15.3474903474903,85,7.5414364640884
"Grand Junction, CO","Grand Junction, CO",280,18.3272727272727,60,4.04696132596685
"Concord, NH","Concord, NH",281,17.4182139699381,70,6.11878453038674
"Dothan, AL","Dothan, AL",282,13.6166522116219,96,7.40331491712707
"Santa Fe, NM","Santa Fe, NM",283,15.5906593406593,70,3.64640883977901
"Johnstown, PA","Johnstown, PA",284,20.5059920106525,109,10
"Traverse City, MI","Traverse City, MI",285,13.2750728256346,63,0.801104972375691
"Hattiesburg, MS","Hattiesburg, MS",286,12.4705882352941,83,3.46685082872928
"Dalton, GA","Dalton, GA",287,12.106135986733,76.5,1.89226519337017
"Midland, TX","Midland, TX",288,20.6534422403734,57,4.79281767955801
"Homosassa Springs, FL","Homosassa Springs, FL",289,12.9175946547884,92,5.93922651933702
"Auburn, AL","Auburn-Opelika, AL",290,10.9360518999073,60.5,0.110497237569061
"Valdosta, GA","Valdosta, GA",291,12.1420389461627,86.5,3.83977900552486
"Coeur d'Alene, ID","Coeur d'Alene, ID",292,15.6284153005464,55,1.29834254143646
"Springfield, OH","Springfield, OH",293,16.0636758321274,77.5,6.60220994475138
"St. George, UT","St. George, UT",294,14.6936347412255,63,1.53314917127072
"Vero Beach, FL","Sebastian-Vero Beach, FL",295,11.141060197664,96,4.08839779005525
"Odessa, TX","Odessa, TX",296,15.0273224043716,66,2.38950276243094
"Napa, CA","Napa, CA",297,17.1875,56,2.76243093922652
"Tupelo, MS","Tupelo, MS",298,15.3481012658228,82.5,6.8232044198895
"Battle Creek, MI","Battle Creek, MI",299,22.1142162818955,81,9.54419889502763
"Jamestown, NY","Jamestown-Dunkirk-Fredonia, NY",300,11.8268215417107,108,6.43646408839779
"Eureka, CA","Eureka-Arcata-Fortuna, CA",301,18.1942544459644,72,7.5828729281768
"Rapid City, SD","Rapid City, SD",302,16.259298618491,72,5.01381215469613
"Flagstaff, AZ","Flagstaff, AZ",303,16.9014084507042,69,4.9585635359116
"Lumberton, NC","Lumberton, NC",304,6.00600600600601,114,4.01933701657459
"Wausau, WI","Wausau, WI",305,12.2335495829472,74,1.58839779005525
"La Crosse, WI","La Crosse-Onalaska, WI-MN",306,15.4422788605697,61,1.68508287292818
"Lebanon, PA","Lebanon, PA",307,13.1656804733728,77,3.03867403314917
"Idaho Falls, ID","Idaho Falls, ID",308,17.451205510907,51,2.5
"Sierra Vista, AZ","Sierra Vista-Douglas, AZ",309,11.1848341232227,98,4.35082872928177
"Pittsfield, MA","Pittsfield, MA",310,13.8398914518318,101,7.88674033149171
"Lawton, OK","Lawton, OK",311,11.7647058823529,115.5,6.9060773480663
"Farmington, NM","Farmington, NM",312,15.1388888888889,101,8.63259668508287
"Jackson, TN","Jackson, TN",313,13.1578947368421,82,4.00552486187845
"Morgantown, WV","Morgantown, WV",314,14.5664739884393,98,8.08011049723757
"Glens Falls, NY","Glens Falls, NY",315,15.4545454545455,114,9.26795580110497
"Winchester, VA","Winchester, VA-WV",316,17.4161896974652,62,3.59116022099448
"St. Joseph, MO","St. Joseph, MO-KS",317,16.0401002506266,66,3.24585635359116
"Altoona, PA","Altoona, PA",318,23.5294117647059,76.5,9.25414364640884
"New Bern, NC","New Bern, NC",319,6.3969896519285,84,1.2707182320442
"Carbondale, IL","Carbondale-Marion, IL",320,14.4670050761421,112,8.646408839779
"Logan, ID","Logan, UT-ID",321,22.7765726681128,51,5.11049723756906
"Harrisonburg, VA","Harrisonburg, VA",322,11.6352201257862,70,0.787292817679558
"Beckley, WV","Beckley, WV",323,14.002478314746,103,7.99723756906077
"Mansfield, OH","Mansfield, OH",324,18.0894308943089,62,4.25414364640884
"Weirton, OH","Weirton-Steubenville, WV-OH",325,17.8445229681979,91,9.41988950276243
"Goldsboro, NC","Goldsboro, NC",326,6.94259012016021,69,0.179558011049724
"Augusta, ME","Augusta-Waterville, ME",327,20.8545269582909,85,9.59944751381216
"Hammond, LA","Hammond, LA",328,13.9877300613497,77.5,3.78453038674033
"Jonesboro, AR","Jonesboro, AR",329,14.1475211608222,74,3.2182320441989
"Sherman, TX","Sherman-Denison, TX",330,20.4613841524574,33,3.93646408839779
"Anniston, AL","Anniston-Oxford-Jacksonville, AL",331,14.3491124260355,77,3.92265193370166
"Staunton, VA","Staunton-Waynesboro, VA",332,10.6524633821571,75,0.994475138121547
"Muncie, IN","Muncie, IN",333,16.6167664670659,73,6.02209944751381
"Mount Vernon, WA","Mount Vernon-Anacortes, WA",334,16.0523186682521,56,1.65745856353591
"Albany, OR","Albany, OR",335,13.4443021766965,56,0.455801104972376
"Watertown, NY","Watertown-Fort Drum, NY",336,17.779632721202,113,9.80662983425414
"Williamsport, PA","Williamsport, PA",337,24.6808510638298,86,9.76519337016575
"Cleveland, TN","Cleveland, TN",338,15.9574468085106,80,7.25138121546961
"Sheboygan, WI","Sheboygan, WI",339,14.7403685092127,68,2.5207182320442
"Bismarck, ND","Bismarck, ND",340,23.9810426540284,92.5,9.94475138121547
"Owensboro, KY","Owensboro, KY",341,20.9813874788494,58,5.31767955801105
"Dunn, NC","Dunn, NC",342,11.8756936736959,78,2.03038674033149
"Wooster, OH","Wooster, OH",343,15.3209109730849,62,1.74033149171271
"Morristown, TN","Morristown, TN",344,14.0914709517923,84,5.46961325966851
"Kankakee, IL","Kankakee, IL",345,16.1643835616438,80,7.48618784530387
"Brunswick, GA","Brunswick, GA",346,15.02849002849,105.5,8.82596685082873
"Ogdensburg, NY","Ogdensburg-Massena, NY",347,10.9110169491525,143,6.96823204419889
"San Angelo, TX","San Angelo, TX",348,14.5234493192133,67,2.01657458563536
"Michigan City, IN","Michigan City-La Porte, IN",349,18.4121621621622,78,8.41850828729282
"Holland, MI","Holland, MI",350,16.4420485175202,72,5.34530386740331
"Wenatchee, WA","Wenatchee, WA",351,11.6710875331565,63,0.303867403314917
"Lawrence, KS","Lawrence, KS",352,13.0019120458891,60,0.441988950276243
"Decatur, IL","Decatur, IL",353,20,88,9.64088397790055
"Missoula, MT","Missoula, MT",354,16.8024439918534,62,3.1353591160221
"Salem, OH","Salem, OH",355,15.5440414507772,96,8.48066298342541
"Bay City, MI","Bay City, MI",356,15.5027932960894,63,2.14088397790055
"Lewiston, ME","Lewiston-Auburn, ME",357,23.400365630713,67.5,8.10773480662983
"Roseburg, OR","Roseburg, OR",358,16.8687982359427,76,7.26519337016575
"Sumter, SC","Sumter, SC",359,10.1333333333333,98,3.70165745856354
"Meridian, MS","Meridian, MS",360,13.9745916515426,131,8.90883977900553
"Show Low, AZ","Show Low, AZ",361,13.1433823529412,94.5,6.57458563535912
"Bluefield, WV","Bluefield, WV-VA",362,13.7516688918558,128,8.74309392265193
"Danville, VA","Danville, VA",363,10.3937007874016,132.5,6.42265193370166
"Lima, OH","Lima, OH",364,16.9096209912536,67,4.3646408839779
"Cookeville, TN","Cookeville, TN",365,10.1307189542484,81.5,1.56077348066298
"California-Lexington Park, MD","California-Lexington Park, MD",366,17.5115207373272,93,9.3646408839779
"Gadsden, AL","Gadsden, AL",367,14.7919876733436,108,8.79834254143646
"Cumberland, MD","Cumberland, MD-WV",368,16.4935064935065,126.5,9.68232044198895
"Longview, WA","Longview, WA",369,16.1151079136691,55,1.67127071823204
"Whitewater, WI","Whitewater-Elkhorn, WI",370,13.0212765957447,77,2.88674033149171
"Fond du Lac, WI","Fond du Lac, WI",371,15.4205607476636,84.5,7.51381215469613
"Ithaca, NY","Ithaca, NY",372,18.5483870967742,95,9.66850828729282
"Ashtabula, OH","Ashtabula, OH",373,13.1284916201117,91.5,6.20165745856354
"Gettysburg, PA","Gettysburg, PA",374,14.804469273743,75,4.19889502762431
"Pine Bluff, AR","Pine Bluff, AR",375,12.5874125874126,88,4.4475138121547
"Tullahoma, TN","Tullahoma-Manchester, TN",376,12.7692307692308,73,1.8232044198895
"Richmond, KY","Richmond-Berea, KY",377,14.8584905660377,67,2.43093922651934
"Adrian, MI","Adrian, MI",378,16.2361623616236,73,5.37292817679558
"Twin Falls, ID","Twin Falls, ID",379,15.5015197568389,62,1.8646408839779
"Corning, NY","Corning, NY",380,18.1672025723473,120,9.93093922651934
"Sebring, FL","Sebring, FL",381,11.9235095613048,101,5.85635359116022
"Truckee, CA","Truckee-Grass Valley, CA",382,23.6480293308891,61,6.89226519337017
"Paducah, KY","Paducah, KY-IL",383,11.048951048951,83,2.23756906077348
"Grand Forks, ND","Grand Forks, ND-MN",384,20.0280112044818,73,8.28729281767956
"Shelby, NC","Shelby, NC",385,9.21052631578947,72,0.428176795580111
"Fairbanks, AK","Fairbanks, AK",386,19.4980694980695,77,8.66022099447514
"Ocean City, NJ","Ocean City, NJ",387,13.8694992412747,133,8.853591160221
"Mankato, MN","Mankato-North Mankato, MN",388,23.6252545824847,65,7.80386740331492
"Rome, GA","Rome, GA",389,12.0743034055728,68,0.773480662983425
"Cape Girardeau, MO","Cape Girardeau, MO-IL",390,12.8453038674033,83,3.82596685082873
"Hot Springs, AR","Hot Springs, AR",391,11.3265306122449,97,4.37845303867403
"Greenwood, SC","Greenwood, SC",392,8.97226753670473,85,1.76795580110497
"Sunbury, PA","Sunbury, PA",393,15.7894736842105,121,9.50276243093923
"Clarksburg, WV","Clarksburg, WV",394,16.7770419426049,84,8.27348066298343
"Victoria, TX","Victoria, TX",395,17.8649237472767,71,7.00276243093923
"Talladega, AL","Talladega-Sylacauga, AL",396,12.9979035639413,104.5,7.56906077348066
"Dubuque, IA","Dubuque, IA",397,21.3250517598344,75,8.89502762430939
"The Villages, FL","The Villages, FL",398,11.969696969697,86,3.53591160220994
"Albertville, AL","Albertville, AL",399,14.9750415973378,107,8.83977900552486
"Manhattan, KS","Manhattan, KS",400,19.6428571428571,81,9.15055248618784
"Parkersburg, WV","Parkersburg-Vienna, WV",401,13.1578947368421,90,5.92541436464088
"New Philadelphia, OH","New Philadelphia-Dover, OH",402,17.9802955665025,67,5.87016574585635
"Orangeburg, SC","Orangeburg, SC",403,8.83882149046794,131,5.26243093922652
"Cheyenne, WY","Cheyenne, WY",404,14.6702557200538,58,1.00828729281768
"New Castle, PA","New Castle, PA",405,15.4460719041278,127,9.46132596685083
"Brainerd, MN","Brainerd, MN",406,16.3636363636364,84.5,8.12154696132597
"Kalispell, MT","Kalispell, MT",407,13.7390213299875,65,1.20165745856354
"Sevierville, TN","Sevierville, TN",408,13.4175217048145,88,5.98066298342541
"Ames, IA","Ames, IA",409,19.7309417040359,74,8.31491712707182
"Bozeman, MT","Bozeman, MT",410,14.5032051282051,62,1.14640883977901
"Moses Lake, WA","Moses Lake, WA",411,11.7082533589251,83,2.72099447513812
"Elmira, NY","Elmira, NY",412,17.5746924428822,116,9.79281767955801
"Meadville, PA","Meadville, PA",413,10.7508532423208,91,3.38397790055249
"Beaver Dam, WI","Beaver Dam, WI",414,13.8939670932358,74,3.01104972375691
"Pinehurst-Southern Pines, NC","Pinehurst-Southern Pines, NC",415,12.7601809954751,86,4.3232044198895
"Ukiah, CA","Ukiah, CA",416,15.8461538461538,77,6.13259668508287
"Hermiston-Pendleton, OR","Hermiston-Pendleton, OR",417,13.8297872340426,83,4.75138121546961
"Lufkin, TX","Lufkin, TX",418,12.0300751879699,88,3.96408839779006
"Zanesville, OH","Zanesville, OH",419,17.84140969163,63,4.28176795580111
"Corvallis, OR","Corvallis, OR",420,13.4357005758157,53,0.359116022099448
"Bloomsburg, PA","Bloomsburg-Berwick, PA",421,11.7136659436009,97.5,4.82044198895028
"Laurel, MS","Laurel, MS",422,8.35734870317003,98,3.1767955801105
"Russellville, AR","Russellville, AR",423,12.6126126126126,91,5.13812154696133
"Branson, MO","Branson, MO",424,11.4170584284755,79.5,1.9060773480663
"Watertown, WI","Watertown-Fort Atkinson, WI",425,11.3114754098361,75,1.1878453038674
"Midland, MI","Midland, MI",426,17.7978883861237,62,3.95027624309392
"Opelousas, LA","Opelousas, LA",427,13.9473684210526,102,7.96961325966851
"Pocatello, ID","Pocatello, ID",428,15.8940397350993,58,1.69889502762431
"Kokomo, IN","Kokomo, IN",429,14.4761904761905,58,0.870165745856354
"Grants Pass, OR","Grants Pass, OR",430,19.1852825229961,76,8.41850828729282
"Huntsville, TX","Huntsville, TX",431,12.9455909943715,79.5,3.34254143646409
"Plattsburgh, NY","Plattsburgh, NY",432,11.9540229885057,100,5.74585635359116
"Grand Island, NE","Grand Island, NE",433,17.1232876712329,64,3.99171270718232
"Danville, IL","Danville, IL",434,15.7427937915743,116,9.4060773480663
"Manitowoc, WI","Manitowoc, WI",435,14.8979591836735,88,7.65193370165746
"Great Falls, MT","Great Falls, MT",436,16.0419790104948,66,3.28038674033149
"Wilson, NC","Wilson, NC",437,11.5384615384615,71,0.856353591160221
"Cullman, AL","Cullman, AL",438,10.2013422818792,84,1.98895027624309
"Olean, NY","Olean, NY",439,13.0555555555556,171,8.49447513812155
"Auburn, NY","Auburn, NY",440,14.9425287356322,104,8.71546961325967
"Athens, TX","Athens, TX",441,12.9973474801061,75,2.4171270718232
"Oak Harbor, WA","Oak Harbor, WA",442,19.690576652602,61,5.12430939226519
"Chillicothe, OH","Chillicothe, OH",443,14.5748987854251,77,4.22651933701657
"Hinesville, GA","Hinesville, GA",444,11.287988422576,96,4.24033149171271
"Somerset, PA","Somerset, PA",445,13.1944444444444,114,8.0524861878453
"Warsaw, IN","Warsaw, IN",446,12.410071942446,62,0.37292817679558
"Stillwater, OK","Stillwater, OK",447,11.4790286975717,64.5,0.331491712707182
"Quincy, IL","Quincy, IL-MO",448,19.2405063291139,76,8.43922651933702
"Keene, NH","Keene, NH",449,12.65625,75,2.12707182320442
"Sandusky, OH","Sandusky, OH",450,10.90573012939,77.5,1.28453038674033
"Searcy, AR","Searcy, AR",451,16.4634146341463,94,9.06077348066298
"Columbus, IN","Columbus, IN",452,16.7058823529412,55,2.20994475138122
"Roanoke Rapids, NC","Roanoke Rapids, NC",453,10.705596107056,123,6.33977900552486
"Centralia, WA","Centralia, WA",454,17.3410404624277,72,6.65745856353591
"Casper, WY","Casper, WY",455,15.7977883096367,79,6.64364640883978
"Helena, MT","Helena, MT",456,13.9949109414758,63,1.06353591160221
"Findlay, OH","Findlay, OH",457,17.3396674584323,60,3.25966850828729
"Wisconsin Rapids-Marshfield, WI","Wisconsin Rapids-Marshfield, WI",458,13.9442231075697,70,2.15469613259669
"Palatka, FL","Palatka, FL",459,12.4153498871332,125,7.84530386740331
"Seneca, SC","Seneca, SC",460,12.0813397129187,84,3.32872928176796
"Mount Airy, NC","Mount Airy, NC",461,13.3333333333333,74,2.59668508287293
"Glenwood Springs, CO","Glenwood Springs, CO",462,8.80681818181818,88,2.16850828729282
"Key West, FL","Key West, FL",463,8.55809128630705,123,4.77900552486188
"Aberdeen, WA","Aberdeen, WA",464,10.353227771011,76,0.966850828729282
"Port Angeles, WA","Port Angeles, WA",465,16.0883280757098,61,2.29281767955801
"Greenfield Town, MA","Greenfield Town, MA",466,17.3913043478261,94,9.37845303867403
"Fort Payne, AL","Fort Payne, AL",467,9.63855421686747,85,1.91988950276243
"Muskogee, OK","Muskogee, OK",468,15.3846153846154,83.5,7.19613259668508
"Frankfort, KY","Frankfort, KY",469,12.436974789916,70,1.09116022099448
"Owosso, MI","Owosso, MI",470,20.8588957055215,62,6.29834254143646
"Mount Pleasant, MI","Mount Pleasant, MI",471,12.1387283236994,103,6.40883977900552
"Statesboro, GA","Statesboro, GA",472,7.28971962616822,84,1.32596685082873
"Marion, IN","Marion, IN",473,16.4420485175202,81,7.77624309392265
"Stevens Point, WI","Stevens Point, WI",474,9.91957104557641,63,0.0966850828729282
"Shawnee, OK","Shawnee, OK",475,19.8135198135198,82,9.2817679558011
"North Wilkesboro, NC","North Wilkesboro, NC",476,9.34343434343434,76.5,0.814917127071823
"Greeneville, TN","Greeneville, TN",477,15.136476426799,97,8.32872928176796
"Martinsville, VA","Martinsville, VA",478,8.06794055201699,125,4.68232044198895
"Forest City, NC","Forest City, NC",479,11.2519809825674,85,2.83149171270718
"Lake City, FL","Lake City, FL",480,12.6279863481229,99,6.56077348066298
"Kapaa, HI","Kapaa, HI",481,10.1620029455081,111,4.87569060773481
"Marquette, MI","Marquette, MI",482,15.7162726008345,79,6.54696132596685
"LaGrange, GA","LaGrange, GA",483,12.5523012552301,78,2.62430939226519
"Marion, OH","Marion, OH",484,14.2361111111111,72,2.85911602209945
"Morehead City, NC","Morehead City, NC",485,5.84890333062551,95,2.56906077348066
"Klamath Falls, OR","Klamath Falls, OR",486,18.4170471841705,82,8.97790055248619
"Marinette, WI","Marinette, WI-MI",487,11.5845539280959,101,5.22099447513812
"Roswell, NM","Roswell, NM",488,16.5242165242165,99,9.30939226519337
"Marshall, TX","Marshall, TX",489,12.4489795918367,105,6.91988950276243
"Farmington, MO","Farmington, MO",490,12.603305785124,80,3.0939226519337
"Charleston, IL","Charleston-Mattoon, IL",491,14.0997830802603,84,5.52486187845304
"Athens, OH","Athens, OH",492,17.1806167400881,90.5,9.19889502762431
"Clearlake, CA","Clearlake, CA",493,20.1418439716312,96,9.82044198895028
"Hutchinson, KS","Hutchinson, KS",494,13.3333333333333,69,1.54696132596685
"Elizabeth City, NC","Elizabeth City, NC",495,11.7816091954023,99,5.27624309392265
"Ionia, MI","Ionia, MI",496,24.1525423728814,67,8.06629834254144
"Alamogordo, NM","Alamogordo, NM",497,10.6382978723404,90,3.19060773480663
"Red Bluff, CA","Red Bluff, CA",498,18.1141439205955,82,8.8121546961326
"Hudson, NY","Hudson, NY",499,17.0704845814978,143,9.87569060773481
"Somerset, KY","Somerset, KY",500,13.1221719457014,84.5,4.39226519337017
"Coos Bay, OR","Coos Bay, OR",501,13.030303030303,77,2.90055248618785
"Walla Walla, WA","Walla Walla, WA",502,14.6153846153846,65,1.78176795580111
"Sayre, PA","Sayre, PA",503,14.8584905660377,129,9.3232044198895
"Oneonta, NY","Oneonta, NY",504,13.1534569983137,160.5,8.56353591160221
"Baraboo, WI","Baraboo, WI",505,13.2246376811594,80,3.71546961325967
"Marietta, OH","Marietta, OH",506,9.81818181818182,80,1.25690607734807
"Salina, KS","Salina, KS",507,20.679012345679,61,5.82872928176796
"Rutland, VT","Rutland, VT",508,11.5789473684211,135,7.5
"Sturgis, MI","Sturgis, MI",509,11.0024449877751,74,0.953038674033149
"Mount Vernon, OH","Mount Vernon, OH",510,12.3123123123123,52.5,0.124309392265193
"Lewiston, ID","Lewiston, ID-WA",511,9.48509485094851,62,0.0552486187845304
"Shelton, WA","Shelton, WA",512,13.373253493014,60,0.593922651933702
"Albemarle, NC","Albemarle, NC",513,16.3987138263666,71,4.85497237569061
"Enid, OK","Enid, OK",514,19.2224622030238,74,8.19060773480663
"Jefferson, GA","Jefferson, GA",515,14.7180192572215,74,3.7707182320442
"Georgetown, SC","Georgetown, SC",516,9.52902519167579,118,4.93093922651934
"Laconia, NH","Laconia, NH",517,13.692480359147,72,2.44475138121547
"Oxford, NC","Oxford, NC",518,8,56,0.0138121546961326
"Columbus, MS","Columbus, MS",519,11.854103343465,81.5,2.66574585635359
"Norwalk, OH","Norwalk, OH",520,16.0919540229885,93,8.7707182320442
"Barre, VT","Barre, VT",521,14.9328859060403,109.5,8.96408839779006
"Kinston, NC","Kinston, NC",522,6.10328638497653,130,4.58563535911602
"Sterling, IL","Sterling, IL",523,12.4705882352941,98,6.25690607734807
"Palestine, TX","Palestine, TX",524,8.19112627986348,90,2.30662983425414
"Dublin, GA","Dublin, GA",525,8.60655737704918,100,3.49447513812155
"Vicksburg, MS","Vicksburg, MS",526,12.5391849529781,99.5,6.51933701657459
"Sanford, NC","Sanford, NC",527,5.74412532637076,84,1.2292817679558
"Fergus Falls, MN","Fergus Falls, MN",528,14.519427402863,75,3.6878453038674
"Tiffin, OH","Tiffin, OH",529,16.8421052631579,71,5.6767955801105
"Fairmont, WV","Fairmont, WV",530,18.266253869969,89,9.4475138121547
"Crossville, TN","Crossville, TN",531,13.4587554269175,93,6.8646408839779
"Picayune, MS","Picayune, MS",532,12.1338912133891,83,3.16298342541436
"Gloversville, NY","Gloversville, NY",533,17.8489702517162,111,9.77900552486188
"Sonora, CA","Sonora, CA",534,21.595598349381,66,7.67955801104972
"Gaffney, SC","Gaffney, SC",535,10.9195402298851,80.5,1.79558011049724
"Carson City, NV","Carson City, NV",536,16.8627450980392,51,2.07182320441989
"Calhoun, GA","Calhoun, GA",537,14.2857142857143,68,1.97513812154696
"Milledgeville, GA","Milledgeville, GA",538,12.2077922077922,77,2.11325966850829
"Waycross, GA","Waycross, GA",539,10.3734439834025,107,4.62707182320442
"Jasper, IN","Jasper, IN",540,15.819209039548,67,3.30110497237569
"Ontario, OR","Ontario, OR-ID",541,13.2203389830508,72,2.09944751381215
"Payson, AZ","Payson, AZ",542,12.8547579298831,75,2.37569060773481
"McComb, MS","McComb, MS",543,10.5263157894737,128,6.38121546961326
"Rochelle, IL","Rochelle, IL",544,18.7919463087248,84,9.22651933701657
"Scottsboro, AL","Scottsboro, AL",545,11.1498257839721,110,5.75966850828729
"Danville, KY","Danville, KY",546,14.7435897435897,69,2.74861878453039
"Ashland, OH","Ashland, OH",547,11.587982832618,67,0.483425414364641
"Galesburg, IL","Galesburg, IL",548,16.6253101736973,84,8.1767955801105
"Warrensburg, MO","Warrensburg, MO",549,12.1387283236994,67,0.704419889502762
"Fort Leonard Wood, MO","Fort Leonard Wood, MO",550,14.1263940520446,84,5.6146408839779
"Glasgow, KY","Glasgow, KY",551,10.1736972704715,87,2.48618784530387
"Athens, TN","Athens, TN",552,13.8211382113821,92,7.09944751381216
"Edwards, CO","Edwards, CO",553,10.171102661597,99,3.90883977900552
"Fernley, NV","Fernley, NV",554,16.3346613545817,65,3.39779005524862
"Mason City, IA","Mason City, IA",555,10.8459869848156,87,2.84530386740331
"Malone, NY","Malone, NY",556,10.6235565819861,173,7.05110497237569
"Winona, MN","Winona, MN",557,20.655737704918,69,7.81767955801105
"Durango, CO","Durango, CO",558,14.0877598152425,87,6.36740331491713
"Platteville, WI","Platteville, WI",559,14.4876325088339,77,4.07458563535912
"Boone, NC","Boone, NC",560,11.3821138211382,115.5,6.45027624309392
"Bartlesville, OK","Bartlesville, OK",561,17.8494623655914,78,8.14917127071823
"Jacksonville, TX","Jacksonville, TX",562,13.1313131313131,91.5,6.21546961325967
"Elko, NV","Elko, NV",563,11.8556701030928,77,1.80939226519337
"Rexburg, ID","Rexburg, ID",564,13.3333333333333,60.5,0.621546961325967
"St. Marys, GA","St. Marys, GA",565,11.7443868739206,80,2.36187845303867
"Ozark, AL","Ozark, AL",566,11.1842105263158,124,6.71270718232044
"Amsterdam, NY","Amsterdam, NY",567,11.1486486486486,134.5,7.14088397790055
"Enterprise, AL","Enterprise, AL",568,15.0862068965517,99,8.45303867403315
"Paris, TX","Paris, TX",569,15.547703180212,84,7.52762430939227
"Kerrville, TX","Kerrville, TX",570,11.2903225806452,63,0.234806629834254
"New Castle, IN","New Castle, IN",571,20.6896551724138,71.5,8.2182320441989
"Clovis, NM","Clovis, NM",572,15.5210643015521,77.5,5.84254143646409
"Norfolk, NE","Norfolk, NE",573,17.5510204081633,64,4.29558011049724
"Washington, NC","Washington, NC",574,7.98004987531172,81,1.07734806629834
"Corsicana, TX","Corsicana, TX",575,10.4545454545455,73,0.732044198895028
"Freeport, IL","Freeport, IL",576,12.280701754386,103,6.50552486187845
"Starkville, MS","Starkville, MS",577,10.7638888888889,63.5,0.220994475138122
"Burlington, IA","Burlington, IA-IL",578,15,98,8.35635359116022
"Cadillac, MI","Cadillac, MI",579,11.7647058823529,60,0.193370165745856
"Kendallville, IN","Kendallville, IN",580,16.6666666666667,54,2.08563535911602
"Nogales, AZ","Nogales, AZ",581,9.04109589041096,134,5.6146408839779
"Oxford, MS","Oxford, MS",582,9.75254730713246,74,0.69060773480663
"Plymouth, IN","Plymouth, IN",583,11.5755627009646,75.5,1.33977900552486
"Gardnerville Ranchos, NV","Gardnerville Ranchos, NV",584,15.4115586690018,64,2.32044198895028
"Tahlequah, OK","Tahlequah, OK",585,10.6024096385542,112,5.42817679558011
"Madisonville, KY","Madisonville, KY",586,14.2857142857143,82,5.05524861878453
"Ca-¦on City, CO","Cañon City, CO",587,17.5257731958763,44,2.40331491712707
"Hillsdale, MI","Hillsdale, MI",588,14.6627565982405,69,2.61049723756906
"Rockingham, NC","Rockingham, NC",589,5.55555555555556,77,0.649171270718232
"Ponca City, OK","Ponca City, OK",590,19.8051948051948,100,9.88950276243094
"Red Wing, MN","Red Wing, MN",591,17.7083333333333,67,5.30386740331492
"Shawano, WI","Shawano, WI",592,9.45121951219512,84,1.72651933701657
"Cedar City, UT","Cedar City, UT",593,9.95934959349593,76,0.883977900552486
"Bedford, IN","Bedford, IN",594,14.6417445482866,85,6.68508287292818
"Gillette, WY","Gillette, WY",595,16.3841807909605,79,7.4378453038674
"Newport, OR","Newport, OR",596,12.9976580796253,99,7.12707182320442
"Wapakoneta, OH","Wapakoneta, OH",597,9.77777777777778,75,0.759668508287293
"Bellefontaine, OH","Bellefontaine, OH",598,11.3013698630137,63,0.248618784530387
"McAlester, OK","McAlester, OK",599,11.0663983903421,111,5.78729281767956
"Blackfoot, ID","Blackfoot, ID",600,10.1910828025478,56,0.0414364640883978
"Henderson, NC","Henderson, NC",601,5.18518518518519,74,0.386740331491713
"Harrison, AR","Harrison, AR",602,10.062893081761,82,1.61602209944751
"Rolla, MO","Rolla, MO",603,10.9550561797753,70,0.566298342541437
"Shelbyville, TN","Shelbyville, TN",604,17.9591836734694,71,7.16850828729282
"Grand Rapids, MN","Grand Rapids, MN",605,11.2526539278132,91,3.63259668508287
"Duncan, OK","Duncan, OK",606,17.7884615384615,117,9.83425414364641
"Marion, NC","Marion, NC",607,9.15750915750916,84,1.62983425414365
"Lewisburg, PA","Lewisburg, PA",608,14.2857142857143,65,1.51933701657459
"Pullman, WA","Pullman, WA",609,14.7727272727273,70,2.96961325966851
"Thomasville, GA","Thomasville, GA",610,13.3928571428571,94.5,6.96823204419889
"Bemidji, MN","Bemidji, MN",611,14.6964856230032,83,6.28453038674033
"Mount Sterling, KY","Mount Sterling, KY",612,13.8790035587189,83,4.83425414364641
"Ottumwa, IA","Ottumwa, IA",613,11.4649681528662,74,1.10497237569061
"Pahrump, NV","Pahrump, NV",614,15.3658536585366,80,6.39502762430939
"Menomonie, WI","Menomonie, WI",615,16.7364016736402,73,6.2707182320442
"Bucyrus, OH","Bucyrus, OH",616,16.1849710982659,97,9.08839779005525
"Bardstown, KY","Bardstown, KY",617,15.6118143459916,67,3.08011049723757
"Cornelia, GA","Cornelia, GA",618,10.1485148514851,71.5,0.524861878453039
"Big Rapids, MI","Big Rapids, MI",619,12.987012987013,90.5,5.66298342541436
"Poplar Bluff, MO","Poplar Bluff, MO",620,11.8457300275482,103.5,5.99447513812155
"Alma, MI","Alma, MI",621,16.6666666666667,85,8.34254143646409
"Seymour, IN","Seymour, IN",622,14.5454545454545,62,1.17403314917127
"Willmar, MN","Willmar, MN",623,17.0918367346939,79,7.92817679558011
"Auburn, IN","Auburn, IN",624,18,64,4.80662983425414
"Sedalia, MO","Sedalia, MO",625,11.9047619047619,68.5,0.74585635359116
"Paragould, AR","Paragould, AR",626,8.13008130081301,65,0.0828729281767956
"Lawrenceburg, TN","Lawrenceburg, TN",627,11.4583333333333,88,3.48066298342541
"Alexander City, AL","Alexander City, AL",628,8.57142857142857,105,3.74309392265193
"Mountain Home, AR","Mountain Home, AR",629,11.0497237569061,90,3.42541436464088
"Cedartown, GA","Cedartown, GA",630,15.9420289855072,79,6.87845303867403
"Port Clinton, OH","Port Clinton, OH",631,10.2296450939457,75,0.897790055248619
"El Campo, TX","El Campo, TX",632,13.4615384615385,92,6.72651933701657
"Montrose, CO","Montrose, CO",633,15.6593406593407,63,2.33425414364641
"Ellensburg, WA","Ellensburg, WA",634,19.7435897435897,63,6.03591160220994
"Sandpoint, ID","Sandpoint, ID",635,12.5757575757576,78.5,2.70718232044199
"Celina, OH","Celina, OH",636,12.8654970760234,68,1.11878453038674
"Marshalltown, IA","Marshalltown, IA",637,12.8440366972477,63,0.662983425414365
"West Plains, MO","West Plains, MO",638,7.37704918032787,114.5,4.14364640883978
"Cullowhee, NC","Cullowhee, NC",639,10.0405679513185,121,5.53867403314917
"Riverton, WY","Riverton, WY",640,8.96739130434783,109,4.12983425414365
"Tifton, GA","Tifton, GA",641,14.792899408284,79,5.29005524861878
"Urbana, OH","Urbana, OH",642,21.505376344086,60,6.16022099447514
"Berlin, NH","Berlin, NH-VT",643,11.2582781456954,151,7.47237569060773
"Lock Haven, PA","Lock Haven, PA",644,20.9677419354839,101,9.97237569060773
"Clewiston, FL","Clewiston, FL",645,11.7283950617284,117.5,6.93370165745856
"Pittsburg, KS","Pittsburg, KS",646,12.0996441281139,83.5,3.20441988950276
"Defiance, OH","Defiance, OH",647,12.3655913978495,72,1.36740331491713
"Hannibal, MO","Hannibal, MO",648,14.6919431279621,70,2.87292817679558
"Mount Vernon, IL","Mount Vernon, IL",649,10.5839416058394,143,6.75414364640884
"Union City, TN","Union City, TN-KY",650,14.622641509434,119,9.04696132596685
"Sault Ste. Marie, MI","Sault Ste. Marie, MI",651,6.3768115942029,89.5,1.9475138121547
"Gainesville, TX","Gainesville, TX",652,15.9183673469388,65,2.94198895027624
"Kill Devil Hills, NC","Kill Devil Hills, NC",653,10.4066161268091,79,1.38121546961326
"Atmore, AL","Atmore, AL",654,9.58083832335329,119.5,5.02762430939227
"Crawfordsville, IN","Crawfordsville, IN",655,14.7410358565737,64.5,1.85082872928177
"Brownwood, TX","Brownwood, TX",656,12.3839009287926,85.5,3.88121546961326
"Stephenville, TX","Stephenville, TX",657,16.9724770642202,64,3.86740331491713
"Americus, GA","Americus, GA",658,8.48484848484848,122,4.65469613259669
"Easton, MD","Easton, MD",659,11.25,147,7.30662983425414
"North Platte, NE","North Platte, NE",660,18.8571428571429,80,8.92265193370166
"Newberry, SC","Newberry, SC",661,12.5,82.5,3.43922651933702
"Ada, OK","Ada, OK",662,14.5161290322581,99,8.1353591160221
"Safford, AZ","Safford, AZ",663,12.0253164556962,90,4.21270718232044
"Murray, KY","Murray, KY",664,13.6054421768707,93,7.08563535911602
"Bennington, VT","Bennington, VT",665,11.5760111576011,121,6.98895027624309
"Huntington, IN","Huntington, IN",666,19.8895027624309,66,7.01657458563536
"Astoria, OR","Astoria, OR",667,13.7931034482759,87,6.07734806629834
"Newton, IA","Newton, IA",668,11.9047619047619,67,0.607734806629834
"Bay City, TX","Bay City, TX",669,8.90052356020942,93,2.77624309392265
"Owatonna, MN","Owatonna, MN",670,16.580310880829,66,3.79834254143646
"Summit Park, UT","Summit Park, UT",671,9.85810306198656,93,3.10773480662983
"Arkansas City-Winfield, KS","Arkansas City-Winfield, KS",672,19.1387559808612,110,9.9585635359116
"Alexandria, MN","Alexandria, MN",673,16.3265306122449,72,5.0828729281768
"Newport, TN","Newport, TN",674,10.5022831050228,111,5.19337016574586
"DeRidder, LA","DeRidder, LA",675,12.4590163934426,94.5,5.49723756906077
"Lebanon, MO","Lebanon, MO",676,12.0567375886525,82,2.91436464088398
"Coffeyville, KS","Coffeyville, KS",677,13.2467532467532,136,8.52209944751381
"Seneca Falls, NY","Seneca Falls, NY",678,12.7272727272727,114,7.76243093922652
"Sulphur Springs, TX","Sulphur Springs, TX",679,15.2941176470588,78,5.48342541436464
"Arcadia, FL","Arcadia, FL",680,12.6050420168067,104,7.07182320441989
"Junction City, KS","Junction City, KS",681,17.1428571428571,105,9.62707182320442
"Valley, AL","Valley, AL",682,12.6315789473684,97,6.3121546961326
"Butte, MT","Butte-Silver Bow, MT",683,15.1006711409396,76,4.53038674033149
"Angola, IN","Angola, IN",684,13.3540372670807,89,6.04972375690608
"Bonham, TX","Bonham, TX",685,13.3004926108374,62,0.718232044198895
"Brenham, TX","Brenham, TX",686,11.4478114478114,68,0.538674033149171
"Pella, IA","Pella, IA",687,10.6060606060606,63,0.138121546961326
"Brevard, NC","Brevard, NC",688,9.98248686514886,105.5,4.30939226519337
"Taos, NM","Taos, NM",689,7.07269155206287,69,0.207182320441989
"Cambridge, MD","Cambridge, MD",690,11.9791666666667,107.5,6.58839779005525
"Vernal, UT","Vernal, UT",691,15.3846153846154,78.5,5.95303867403315
"Madison, IN","Madison, IN",692,11.1627906976744,132,7.05110497237569
"Dayton, TN","Dayton, TN",693,7.48031496062992,98.5,3.06629834254144
"Jackson, WY","Jackson, WY-ID",694,9.00900900900901,81.5,1.24309392265193
"Albert Lea, MN","Albert Lea, MN",695,12.7167630057803,66,0.842541436464088
"Alpena, MI","Alpena, MI",696,9.01639344262295,77,0.828729281767956
"Silver City, NM","Silver City, NM",697,9.42760942760943,85,1.87845303867403
"Sheridan, WY","Sheridan, WY",698,6.99152542372881,57.5,0.0276243093922652
"Merrill, WI","Merrill, WI",699,9.94318181818182,85.5,2.18232044198895
"Ludington, MI","Ludington, MI",700,14.6814404432133,86.5,7.15469613259669
"Crescent City, CA","Crescent City, CA",701,16.3366336633663,105,9.39226519337017
"Mineral Wells, TX","Mineral Wells, TX",702,9.2378752886836,82,1.39502762430939
"Breckenridge, CO","Breckenridge, CO",703,15.9198113207547,60.5,1.96132596685083
"Hailey, ID","Hailey, ID",704,9.91735537190083,107,4.33701657458564
"Thomaston, GA","Thomaston, GA",705,11.1111111111111,114,6.06353591160221
"Mountain Home, ID","Mountain Home, ID",706,15.5963302752294,59,1.57458563535912
"Boone, IA","Boone, IA",707,19.0751445086705,70,7.59668508287293
"Toccoa, GA","Toccoa, GA",708,12.8440366972477,79.5,3.23204419889503
"Ottawa, KS","Ottawa, KS",709,15.7575757575758,58,1.60220994475138
"La Grande, OR","La Grande, OR",710,9.3167701863354,90,2.5414364640884
"Greensburg, IN","Greensburg, IN",711,12.5,63,0.469613259668508
"Mexico, MO","Mexico, MO",712,14.0845070422535,128,8.88121546961326
"The Dalles, OR","The Dalles, OR",713,13.2911392405063,57,0.414364640883978
"Deming, NM","Deming, NM",714,8.17307692307692,158,5.5524861878453
"Fredericksburg, TX","Fredericksburg, TX",715,14.4578313253012,92,7.62430939226519
"Spearfish, SD","Spearfish, SD",716,12.8133704735376,70.5,1.43646408839779
"Heber, UT","Heber, UT",717,12.3762376237624,69,0.980662983425414
"Steamboat Springs, CO","Steamboat Springs, CO",718,9.10493827160494,80,1.16022099447514
"Brookings, OR","Brookings, OR",719,11.9897959183673,102,6.10497237569061
"Port Lavaca, TX","Port Lavaca, TX",720,7.65027322404372,95,2.69337016574586
"Prineville, OR","Prineville, OR",721,14.5061728395062,72,3.12154696132597
"Ruidoso, NM","Ruidoso, NM",722,10.4417670682731,79,1.40883977900552
"Vineyard Haven, MA","Vineyard Haven, MA",723,9.93071593533487,123,5.5939226519337
"Craig, CO","Craig, CO",724,10.989010989011,83,2.19613259668508
